{
  "profile": {
    "abandoned": false,
    "createdAt": "2021-12-13",
    "desktopUser": true,
    "earliestTxDate": "2021-12-13",
    "faceIdUsage": {
      "enabled": false,
      "supported": false
    },
    "hasTrezor": true,
    "migrations": {
      "20210520-reset-assets-cursors": {
        "exodus": true
      },
      "20210527-reset-vethor-cursors": {
        "exodus": true
      }
    },
    "mobileUser": true,
    "multipleWalletAccountsEnabled": true,
    "multipleWalletAccountsEnabledDesktop": true,
    "portfolioCount": 3,
    "portfolioCountFunded": 1,
    "webviewVersion": {
      "4b801b096cfc0d5af24a60f4f190c0ac": "Chrome/96.0.4664.104"
    }
  },
  "profileLoaded": true,
  "isPaired": true,
  "initialSyncComplete": {
    "orders": true,
    "personalNotes": true,
    "walletAccounts": true
  }
}
