{
  "custodialWallets": {},
  "ftxExchange": {
    "rates": {
      "loaded": false
    },
    "exchangedToAmount": {},
    "error": {},
    "fromAssetName": {},
    "toAssetName": {},
    "fromAmount": {},
    "toAmount": {},
    "status": {},
    "loaded": {},
    "walletAccount": {},
    "lastUpdate": {},
    "globalError": {},
    "config": {
      "loaded": true
    },
    "geolocation": {
      "loaded": false
    }
  },
  "ftxAuth": {
    "error": {},
    "isResettingPassword": {},
    "useBrowser": {},
    "upgradeRequired": {},
    "captchaV1": {}
  }
}
