{
  "exodus_0": {
    "zerox": "0 ZRX",
    "oneinch": "0 1INCH",
    "aave": "0 AAVE",
    "adtoken": "0 ADT",
    "aeron": "0 ARN",
    "aion": "0 AION",
    "airswap": "0 AST",
    "algorand": "0 ALGO",
    "amber": "0 AMB",
    "amp": "0 AMP",
    "ankr": "0 ANKR",
    "appcoins": "0 APPC",
    "aragonv2": "0 ANT",
    "aragon": "0 ANTv1",
    "ark": "0 ARK",
    "augurv2": "0 REP",
    "augur": "0 REPv1",
    "balancer": "0 BAL",
    "bancor": "0 BNT",
    "bat": "0 BAT",
    "binance": "0 BNB",
    "bnbmainnet": "0 BNB",
    "bsc": "0 BNBBSC",
    "busd": "0 BUSD",
    "busd_bnbmainnet": "0 BUSDBNB",
    "busd_bsc": "0 BUSDBSC",
    "bitcoin": "0 BTC",
    "bcash": "0 BCH",
    "bcashclaim": "0 BCH",
    "bgold": "0 BTG",
    "bgoldclaim": "0 BTG",
    "bitcoinsv": "0 BSV",
    "bitcoinsvclaim": "0 BSV",
    "bittorrent": "0 BTT",
    "bnktothefuture": "0 BFT",
    "bread": "0 BRD",
    "singulardtv": "0 SNGLS",
    "cardano": "0 ADA",
    "chainlink": "0 LINK",
    "chiliz": "0 CHZ",
    "cindicator": "0 CND",
    "civic": "0 CVC",
    "compound": "0 COMP",
    "cdai": "0 CDAI",
    "cosmos": "0 ATOM",
    "cro": "0 CRO",
    "crv": "0 CRV",
    "mcd": "0 DAI",
    "dash": "0 DASH",
    "decentraland": "0 MANA",
    "decred": "0 DCR",
    "dent": "0 DENT",
    "dentacoin": "0 DCN",
    "digibyte": "0 DGB",
    "digix": "0 DGD",
    "district0x": "0 DNT",
    "dogecoin": "0 DOGE",
    "dragon": "0 DRGN",
    "dydx": "0 DYDX",
    "eden": "0 EDEN",
    "edgeless": "0 EDG",
    "elrond": "0 EGLD",
    "enjincoin": "0 ENJ",
    "eosio": "0 EOS",
    "ethereum": "0 ETH",
    "ethereumclassic": "0 ETC",
    "exit": "0 EXIT",
    "fantom": "0 FTM",
    "filecoin": "0 FIL",
    "firstblood": "0 1ST",
    "fox": "0 FOX",
    "ftxtoken": "0 FTT",
    "funfair": "0 FUN",
    "geminidollar": "0 GUSD",
    "genesisvision": "0 GVT",
    "gnosis": "0 GNO",
    "golemv2": "0 GLM",
    "golem": "0 GNT",
    "hedera": "0 HBAR",
    "holo": "0 HOT",
    "huobi": "0 HT",
    "iconmainnet": "0 ICX",
    "iexec": "0 RLC",
    "kin": "0 KIN",
    "kyberv2": "0 KNC",
    "kyber": "0 KNCL",
    "lightningnetwork": "0 LNBTC",
    "lisk": "0 LSK",
    "litecoin": "0 LTC",
    "loomv2": "0 LOOM",
    "loom": "0 LOOMv1",
    "lunyr": "0 LUN",
    "maker": "0 MKR",
    "matchpool": "0 GUP",
    "monaco": "0 MCO",
    "medishares": "0 MDS",
    "melonport": "0 MLN",
    "metal": "0 MTL",
    "mithril": "0 MITH",
    "monero": "0 XMR",
    "nano": "0 NANO",
    "nem": "0 XEM",
    "neo": "0 NEO",
    "neogas": "0 GAS",
    "neo3": "0 NEO3",
    "neo3gas": "0 NEO3GAS",
    "numeraire": "0 NMR",
    "omisego": "0 OMG",
    "ontology": "0 ONT",
    "ontologygas": "0 ONG",
    "pancakeswap": "0 CAKE",
    "paxgold": "0 PAXG",
    "paxos": "0 PAX",
    "pillar": "0 PLR",
    "poet": "0 POE",
    "polkadot": "0 DOT",
    "matic": "0 MATICNATIVE",
    "polygon": "0 MATIC",
    "polymath": "0 POLY",
    "populous": "0 PPT",
    "powerledger": "0 POWR",
    "qash": "0 QASH",
    "qtumignition": "0 QTUM",
    "qtum": "0 QTUM",
    "quant": "0 QNT",
    "quantstamp": "0 QSP",
    "raiden": "0 RDN",
    "rarible": "0 RARI",
    "ravencoin": "0 RVN",
    "raydium": "0 RAY",
    "ren": "0 REN",
    "request": "0 REQ",
    "revainnew": "0 REV",
    "revain": "0 REV",
    "ripio": "0 RCN",
    "rivetz": "0 RVT",
    "dai": "0 SAI",
    "salt": "0 SALT",
    "santiment": "0 SAN",
    "serum": "0 SRM",
    "shibainu": "0 SHIB",
    "solana": "0 SOL",
    "flare": "0 FLR",
    "sportx": "0 SX",
    "status": "0 SNT",
    "stellar": "0 XLM",
    "storj": "0 STORJ",
    "storm": "0 STORM",
    "stormx": "0 STMX",
    "sushiswap": "0 SUSHI",
    "snx": "0 SNX",
    "taas": "0 TAAS",
    "tenx": "0 PAY",
    "tetherusd": "26 USDT",
    "tetherusd_algorand": "0 USDTALGO",
    "tetherusd_tron": "0 USDTTRX",
    "tezos": "0 XTZ",
    "thegraph": "0 GRT",
    "theta": "0 THETA",
    "tfuel": "0 TFUEL",
    "timenewbank": "0 TNB",
    "tronmainnet": "0 TRX",
    "tron": "0 TRX",
    "trueusd": "0 TUSD",
    "uma": "0 UMA",
    "uniswap": "0 UNI",
    "leo": "0 LEO",
    "usdcoin_ftx": "0 USDCFTX",
    "usdcoin": "0 USDC",
    "usdcoin_algorand": "0 USDCALGO",
    "usdcoin_matic": "0 USDCMATIC",
    "usdcoin_solana": "0 USDCSOL",
    "vechainthor": "0 VET",
    "veritaseum": "0 VERI",
    "vertcoin": "0 VTC",
    "vethor": "0 VTHO",
    "viberate": "0 VIB",
    "voyager": "0 VGXv2",
    "ethos": "0 VGX",
    "walton": "0 WTC",
    "waves": "0 WAVES",
    "wax": "0 WAX",
    "wetrust": "0 TRST",
    "wings": "0 WINGS",
    "wbtc": "0 WBTC",
    "weth": "0 WETH",
    "weth_matic": "0 WETHMATIC",
    "ripple": "0 XRP",
    "yfi": "0 YFI",
    "zcash": "0 ZEC",
    "zilliqa": "0 ZIL"
  },
  "trezor_0_f837399dc298675db7281d0828cd8b8d": {
    "zerox": "0 ZRX",
    "oneinch": "0 1INCH",
    "aave": "0 AAVE",
    "adtoken": "0 ADT",
    "aeron": "0 ARN",
    "aion": "0 AION",
    "airswap": "0 AST",
    "algorand": "0 ALGO",
    "amber": "0 AMB",
    "amp": "0 AMP",
    "ankr": "0 ANKR",
    "appcoins": "0 APPC",
    "aragonv2": "0 ANT",
    "aragon": "0 ANTv1",
    "ark": "0 ARK",
    "augurv2": "0 REP",
    "augur": "0 REPv1",
    "balancer": "0 BAL",
    "bancor": "0 BNT",
    "bat": "0 BAT",
    "binance": "0 BNB",
    "bnbmainnet": "0 BNB",
    "bsc": "0 BNBBSC",
    "busd": "0 BUSD",
    "busd_bnbmainnet": "0 BUSDBNB",
    "busd_bsc": "0 BUSDBSC",
    "bitcoin": "0 BTC",
    "bcash": "0 BCH",
    "bcashclaim": "0 BCH",
    "bgold": "0 BTG",
    "bgoldclaim": "0 BTG",
    "bitcoinsv": "0 BSV",
    "bitcoinsvclaim": "0 BSV",
    "bittorrent": "0 BTT",
    "bnktothefuture": "0 BFT",
    "bread": "0 BRD",
    "singulardtv": "0 SNGLS",
    "cardano": "0 ADA",
    "chainlink": "0 LINK",
    "chiliz": "0 CHZ",
    "cindicator": "0 CND",
    "civic": "0 CVC",
    "compound": "0 COMP",
    "cdai": "0 CDAI",
    "cosmos": "0 ATOM",
    "cro": "0 CRO",
    "crv": "0 CRV",
    "mcd": "0 DAI",
    "dash": "0 DASH",
    "decentraland": "0 MANA",
    "decred": "0 DCR",
    "dent": "0 DENT",
    "dentacoin": "0 DCN",
    "digibyte": "0 DGB",
    "digix": "0 DGD",
    "district0x": "0 DNT",
    "dogecoin": "0 DOGE",
    "dragon": "0 DRGN",
    "dydx": "0 DYDX",
    "eden": "0 EDEN",
    "edgeless": "0 EDG",
    "elrond": "0 EGLD",
    "enjincoin": "0 ENJ",
    "eosio": "0 EOS",
    "ethereum": "0 ETH",
    "ethereumclassic": "0 ETC",
    "exit": "0 EXIT",
    "fantom": "0 FTM",
    "filecoin": "0 FIL",
    "firstblood": "0 1ST",
    "fox": "0 FOX",
    "ftxtoken": "0 FTT",
    "funfair": "0 FUN",
    "geminidollar": "0 GUSD",
    "genesisvision": "0 GVT",
    "gnosis": "0 GNO",
    "golemv2": "0 GLM",
    "golem": "0 GNT",
    "hedera": "0 HBAR",
    "holo": "0 HOT",
    "huobi": "0 HT",
    "iconmainnet": "0 ICX",
    "iexec": "0 RLC",
    "kin": "0 KIN",
    "kyberv2": "0 KNC",
    "kyber": "0 KNCL",
    "lightningnetwork": "0 LNBTC",
    "lisk": "0 LSK",
    "litecoin": "0 LTC",
    "loomv2": "0 LOOM",
    "loom": "0 LOOMv1",
    "lunyr": "0 LUN",
    "maker": "0 MKR",
    "matchpool": "0 GUP",
    "monaco": "0 MCO",
    "medishares": "0 MDS",
    "melonport": "0 MLN",
    "metal": "0 MTL",
    "mithril": "0 MITH",
    "monero": "0 XMR",
    "nano": "0 NANO",
    "nem": "0 XEM",
    "neo": "0 NEO",
    "neogas": "0 GAS",
    "neo3": "0 NEO3",
    "neo3gas": "0 NEO3GAS",
    "numeraire": "0 NMR",
    "omisego": "0 OMG",
    "ontology": "0 ONT",
    "ontologygas": "0 ONG",
    "pancakeswap": "0 CAKE",
    "paxgold": "0 PAXG",
    "paxos": "0 PAX",
    "pillar": "0 PLR",
    "poet": "0 POE",
    "polkadot": "0 DOT",
    "matic": "0 MATICNATIVE",
    "polygon": "0 MATIC",
    "polymath": "0 POLY",
    "populous": "0 PPT",
    "powerledger": "0 POWR",
    "qash": "0 QASH",
    "qtumignition": "0 QTUM",
    "qtum": "0 QTUM",
    "quant": "0 QNT",
    "quantstamp": "0 QSP",
    "raiden": "0 RDN",
    "rarible": "0 RARI",
    "ravencoin": "0 RVN",
    "raydium": "0 RAY",
    "ren": "0 REN",
    "request": "0 REQ",
    "revainnew": "0 REV",
    "revain": "0 REV",
    "ripio": "0 RCN",
    "rivetz": "0 RVT",
    "dai": "0 SAI",
    "salt": "0 SALT",
    "santiment": "0 SAN",
    "serum": "0 SRM",
    "shibainu": "0 SHIB",
    "solana": "0 SOL",
    "flare": "0 FLR",
    "sportx": "0 SX",
    "status": "0 SNT",
    "stellar": "0 XLM",
    "storj": "0 STORJ",
    "storm": "0 STORM",
    "stormx": "0 STMX",
    "sushiswap": "0 SUSHI",
    "snx": "0 SNX",
    "taas": "0 TAAS",
    "tenx": "0 PAY",
    "tetherusd": "0 USDT",
    "tetherusd_algorand": "0 USDTALGO",
    "tetherusd_tron": "0 USDTTRX",
    "tezos": "0 XTZ",
    "thegraph": "0 GRT",
    "theta": "0 THETA",
    "tfuel": "0 TFUEL",
    "timenewbank": "0 TNB",
    "tronmainnet": "0 TRX",
    "tron": "0 TRX",
    "trueusd": "0 TUSD",
    "uma": "0 UMA",
    "uniswap": "0 UNI",
    "leo": "0 LEO",
    "usdcoin_ftx": "0 USDCFTX",
    "usdcoin": "0 USDC",
    "usdcoin_algorand": "0 USDCALGO",
    "usdcoin_matic": "0 USDCMATIC",
    "usdcoin_solana": "0 USDCSOL",
    "vechainthor": "0 VET",
    "veritaseum": "0 VERI",
    "vertcoin": "0 VTC",
    "vethor": "0 VTHO",
    "viberate": "0 VIB",
    "voyager": "0 VGXv2",
    "ethos": "0 VGX",
    "walton": "0 WTC",
    "waves": "0 WAVES",
    "wax": "0 WAX",
    "wetrust": "0 TRST",
    "wings": "0 WINGS",
    "wbtc": "0 WBTC",
    "weth": "0 WETH",
    "weth_matic": "0 WETHMATIC",
    "ripple": "0 XRP",
    "yfi": "0 YFI",
    "zcash": "0 ZEC",
    "zilliqa": "0 ZIL"
  },
  "trezor_0_73c82d3d84df1f60fdf2887458c04cda": {
    "zerox": "0 ZRX",
    "oneinch": "0 1INCH",
    "aave": "0 AAVE",
    "adtoken": "0 ADT",
    "aeron": "0 ARN",
    "aion": "0 AION",
    "airswap": "0 AST",
    "algorand": "0 ALGO",
    "amber": "0 AMB",
    "amp": "0 AMP",
    "ankr": "0 ANKR",
    "appcoins": "0 APPC",
    "aragonv2": "0 ANT",
    "aragon": "0 ANTv1",
    "ark": "0 ARK",
    "augurv2": "0 REP",
    "augur": "0 REPv1",
    "balancer": "0 BAL",
    "bancor": "0 BNT",
    "bat": "0 BAT",
    "binance": "0 BNB",
    "bnbmainnet": "0 BNB",
    "bsc": "0 BNBBSC",
    "busd": "0 BUSD",
    "busd_bnbmainnet": "0 BUSDBNB",
    "busd_bsc": "0 BUSDBSC",
    "bitcoin": "0 BTC",
    "bcash": "0 BCH",
    "bcashclaim": "0 BCH",
    "bgold": "0 BTG",
    "bgoldclaim": "0 BTG",
    "bitcoinsv": "0 BSV",
    "bitcoinsvclaim": "0 BSV",
    "bittorrent": "0 BTT",
    "bnktothefuture": "0 BFT",
    "bread": "0 BRD",
    "singulardtv": "0 SNGLS",
    "cardano": "0 ADA",
    "chainlink": "0 LINK",
    "chiliz": "0 CHZ",
    "cindicator": "0 CND",
    "civic": "0 CVC",
    "compound": "0 COMP",
    "cdai": "0 CDAI",
    "cosmos": "0 ATOM",
    "cro": "0 CRO",
    "crv": "0 CRV",
    "mcd": "0 DAI",
    "dash": "0 DASH",
    "decentraland": "0 MANA",
    "decred": "0 DCR",
    "dent": "0 DENT",
    "dentacoin": "0 DCN",
    "digibyte": "0 DGB",
    "digix": "0 DGD",
    "district0x": "0 DNT",
    "dogecoin": "0 DOGE",
    "dragon": "0 DRGN",
    "dydx": "0 DYDX",
    "eden": "0 EDEN",
    "edgeless": "0 EDG",
    "elrond": "0 EGLD",
    "enjincoin": "0 ENJ",
    "eosio": "0 EOS",
    "ethereum": "0 ETH",
    "ethereumclassic": "0 ETC",
    "exit": "0 EXIT",
    "fantom": "0 FTM",
    "filecoin": "0 FIL",
    "firstblood": "0 1ST",
    "fox": "0 FOX",
    "ftxtoken": "0 FTT",
    "funfair": "0 FUN",
    "geminidollar": "0 GUSD",
    "genesisvision": "0 GVT",
    "gnosis": "0 GNO",
    "golemv2": "0 GLM",
    "golem": "0 GNT",
    "hedera": "0 HBAR",
    "holo": "0 HOT",
    "huobi": "0 HT",
    "iconmainnet": "0 ICX",
    "iexec": "0 RLC",
    "kin": "0 KIN",
    "kyberv2": "0 KNC",
    "kyber": "0 KNCL",
    "lightningnetwork": "0 LNBTC",
    "lisk": "0 LSK",
    "litecoin": "0 LTC",
    "loomv2": "0 LOOM",
    "loom": "0 LOOMv1",
    "lunyr": "0 LUN",
    "maker": "0 MKR",
    "matchpool": "0 GUP",
    "monaco": "0 MCO",
    "medishares": "0 MDS",
    "melonport": "0 MLN",
    "metal": "0 MTL",
    "mithril": "0 MITH",
    "monero": "0 XMR",
    "nano": "0 NANO",
    "nem": "0 XEM",
    "neo": "0 NEO",
    "neogas": "0 GAS",
    "neo3": "0 NEO3",
    "neo3gas": "0 NEO3GAS",
    "numeraire": "0 NMR",
    "omisego": "0 OMG",
    "ontology": "0 ONT",
    "ontologygas": "0 ONG",
    "pancakeswap": "0 CAKE",
    "paxgold": "0 PAXG",
    "paxos": "0 PAX",
    "pillar": "0 PLR",
    "poet": "0 POE",
    "polkadot": "0 DOT",
    "matic": "0 MATICNATIVE",
    "polygon": "0 MATIC",
    "polymath": "0 POLY",
    "populous": "0 PPT",
    "powerledger": "0 POWR",
    "qash": "0 QASH",
    "qtumignition": "0 QTUM",
    "qtum": "0 QTUM",
    "quant": "0 QNT",
    "quantstamp": "0 QSP",
    "raiden": "0 RDN",
    "rarible": "0 RARI",
    "ravencoin": "0 RVN",
    "raydium": "0 RAY",
    "ren": "0 REN",
    "request": "0 REQ",
    "revainnew": "0 REV",
    "revain": "0 REV",
    "ripio": "0 RCN",
    "rivetz": "0 RVT",
    "dai": "0 SAI",
    "salt": "0 SALT",
    "santiment": "0 SAN",
    "serum": "0 SRM",
    "shibainu": "0 SHIB",
    "solana": "0 SOL",
    "flare": "0 FLR",
    "sportx": "0 SX",
    "status": "0 SNT",
    "stellar": "0 XLM",
    "storj": "0 STORJ",
    "storm": "0 STORM",
    "stormx": "0 STMX",
    "sushiswap": "0 SUSHI",
    "snx": "0 SNX",
    "taas": "0 TAAS",
    "tenx": "0 PAY",
    "tetherusd": "0 USDT",
    "tetherusd_algorand": "0 USDTALGO",
    "tetherusd_tron": "0 USDTTRX",
    "tezos": "0 XTZ",
    "thegraph": "0 GRT",
    "theta": "0 THETA",
    "tfuel": "0 TFUEL",
    "timenewbank": "0 TNB",
    "tronmainnet": "0 TRX",
    "tron": "0 TRX",
    "trueusd": "0 TUSD",
    "uma": "0 UMA",
    "uniswap": "0 UNI",
    "leo": "0 LEO",
    "usdcoin_ftx": "0 USDCFTX",
    "usdcoin": "0 USDC",
    "usdcoin_algorand": "0 USDCALGO",
    "usdcoin_matic": "0 USDCMATIC",
    "usdcoin_solana": "0 USDCSOL",
    "vechainthor": "0 VET",
    "veritaseum": "0 VERI",
    "vertcoin": "0 VTC",
    "vethor": "0 VTHO",
    "viberate": "0 VIB",
    "voyager": "0 VGXv2",
    "ethos": "0 VGX",
    "walton": "0 WTC",
    "waves": "0 WAVES",
    "wax": "0 WAX",
    "wetrust": "0 TRST",
    "wings": "0 WINGS",
    "wbtc": "0 WBTC",
    "weth": "0 WETH",
    "weth_matic": "0 WETHMATIC",
    "ripple": "0 XRP",
    "yfi": "0 YFI",
    "zcash": "0 ZEC",
    "zilliqa": "0 ZIL"
  }
}
