{
  "accounts": {
    "exodus_0": {
      "m/44'/60'/0'": {
        "chain": [
          0,
          0,
          0
        ],
        "xpub": "xpub6DTkoP7s25LisM4aLXLTbnTaXAgZr4FNpTyXo9vTX5o5z1UxB9Y9hhhWRjoBgPKBL6ci5x2ZXKnW4j4kDUFKLwpbEni29D5xZm98p2WzBQz"
      },
      "m/44'/283'/0'": {
        "publicKey": "bd7d096018556c66a88ecafaafa2125999c9dfee1887e0ead71f25289073dc88",
        "chain": [
          0,
          0,
          0
        ]
      },
      "m/44'/111'/0'": {
        "publicKey": "03bee9ffbd6f86244d26ca4b54a96f9f826aa7f0318cf6556d0ae98373b2fc9410",
        "chain": [
          0,
          0,
          0
        ]
      },
      "m/44'/714'/0'": {
        "chain": [
          0,
          0,
          0
        ],
        "xpub": "xpub6CHqhorx9JBKU3FGkS3c3AvPfGU25RbxJjwj1HCVazJ5S1TAjE6UadM1Yr9ZTEY5ayg7SRYuDV56nFAeZvuf13qzwh1SXF9Y6vCzbUz8dw2"
      },
      "m/44'/0'/0'": {
        "chain": [
          0,
          0,
          0
        ],
        "xpub": "xpub6CU7R3VKERzWZEc1SzNjC3NKGCpsWY44aLALqPtLQYw6hkraQDh8btyKie4FqsUBBFm7J671a2CiX5tf3YKA277WxsrrJKNnh4AfjUVBwwx"
      },
      "m/84'/0'/0'": {
        "chain": [
          0,
          0
        ],
        "xpub": "xpub6BjXdN5k5szd4rNLSFpeeqBMXpiWXXUb5tfxLa64wWLnpEboDMFuBfWJJzFstoPWiL4UaMQeJX7THkM6aFjagmNPWJoVA1AdbpQ484u1Wbz"
      },
      "m/44'/145'/0'": {
        "chain": [
          0,
          0,
          0
        ],
        "xpub": "xpub6CnCmwYkMgpCJ159BHjjG28EbBKNz4CYtYTfnVoyRxmjpFC1MAQhNM5iXcGtHjcfwkptyMqAgUsYUEQfMxzTio5X8Cio6NTqfYPwSmTALe7"
      },
      "m/44'/156'/0'": {
        "chain": [
          0,
          0,
          0
        ],
        "xpub": "xpub6CC3ysKKqiHfiAYihgnNdRpBf5jhEiaJn2XcZUJCa3UyxV49vQUZpSNiDTu4QGLMXAqbFN4VsmwqUWTJCL5vVBotV5HRkRX28dba8vRS1kF"
      },
      "m/44'/236'/0'": {
        "chain": [
          0,
          0,
          0
        ],
        "xpub": "xpub6C5M28DiLmNSPx3mJ7teeERGMF9LTGF834DfXHL8KgMzfKMB1XLrkGPEdefGSxvVR6DUrbQCzd8kF1m6xAdHBR1e8mKmGhZhTnzZ6Qu8He7"
      },
      "m/44'/195'/0'": {
        "chain": [
          0,
          0,
          0
        ],
        "xpub": "xpub6CT4WjajuWR2RELsQ7atWQc4jtjMjc2fTxyLD38sv2irCRPrB9126RtqHTf1tPoLLyDo7zSs3JiW3V53AjeFoxX2wto6FHNJ2MBm44rV8tg"
      },
      "m/44'/1815'/0'": {
        "publicKey": "b405ba3bda8ac962efd1859a16c79317cbf9803531d36c41027f587002980e70ac74e8c793f91c0b4255f264e9a4555ff6ce24ad586f07256dd04147af6413a6",
        "chain": [
          0,
          0,
          0
        ]
      },
      "m/44'/118'/0'": {
        "chain": [
          0,
          0,
          0
        ],
        "xpub": "xpub6CQXafYJoz37Sv5GbPAt5i2kyhiPA8rPfnU3u173GdEaKFftqWpQ8wkZsiseEdzSit4EafYmHFAndzue1wFN5dmAiXPz3QgvAmUVcfRfJG8"
      },
      "m/44'/5'/0'": {
        "chain": [
          0,
          0,
          0
        ],
        "xpub": "xpub6D8ZGvZVg9cZnvMiwLNJoSHEQYoUR8zVTVo8tqGHGm29py7Ai3ssJQ4pE7c6bfK5F2FpkGzUmWeCeTfSjwHuMnmNGH668ivRuAgZnvNp9VE"
      },
      "m/44'/42'/0'": {
        "chain": [
          0,
          0,
          0
        ],
        "xpub": "xpub6C4PnCC7QWvdk91q8W7iRyEpqpLNnudtBHogDmQri2QJxqwomWSAkZA3hqYF3Lhcb1dY73QmfwV5SEeX6N3ME5NAgNh4C652CHP5Kj6Wuvr"
      },
      "m/44'/20'/0'": {
        "chain": [
          0,
          0,
          0
        ],
        "xpub": "xpub6CmdZr1M48yTzLF4YZXTUhdHNLkcybcxWX19BhKExsZ1VhDG5WG876zWR2Uqso74pKBj723fsVSvgginA1uepAknDnXFfCWWbgAJWbAHevT"
      },
      "m/44'/3'/0'": {
        "chain": [
          0,
          0,
          0
        ],
        "xpub": "xpub6DTNEC5SqVGbKwrLk3P4D45o337khbu17afT6ALMkw2VEFNyD7W8PpHx853KtMX8QsDwjB1bpraXXrNBZHF8Zpdb6fHetBdWzPdnBRUgwZj"
      },
      "m/44'/508'/0'": {
        "publicKey": "e8ed52c5cdd25a3464ed11ee82e324bede866108762488944a555878f40bef9f",
        "chain": [
          0,
          0,
          0
        ]
      },
      "m/44'/194'/0'": {
        "chain": [
          0,
          0,
          0
        ],
        "xpub": "xpub6CNJVdeN9nNksQKniMbqHkghTKFoPA1gevMJcmMVCSSKr5N9jEoNXN33jKKGuq5kTQKCK4HxUAdACPfkCgYF184ncq6qc4utd5iY8guh6VK"
      },
      "m/44'/61'/0'": {
        "chain": [
          0,
          0,
          0
        ],
        "xpub": "xpub6DWEQNqQgYShRF9Sg741AAxvhxWCgr8jvBMN2WTxXKd6Ky2yQnkj9inwq9ETJbf1RsYnJ4bEPDoGRyExJKRtMRriecJMCUPaWqeRiP1tko3"
      },
      "m/44'/461'/0'": {
        "chain": [
          0,
          0,
          0
        ],
        "xpub": "xpub6CLatFbfJbk1dm6LeDPRfZMTrBuCuvNUdirmywWhitANytST6NRb1Fg57pPyMYTPkMvPMJfwSw8AZL8WxYdidBp9KYaUVDnD6LsELMRE7zh"
      },
      "m/44'/3030'/0'": {
        "publicKey": "251a37eaa15f73bd99fd31b950abdbb08bfb378d12cb8a184822e79ecf918c37",
        "chain": [
          0,
          0,
          0
        ]
      },
      "m/44'/74'/0'": {
        "publicKey": "d6bed0369f51854a8fb59e0c94d8b9b711b4904d4b2c2a5661f96f7f2e45b03d1233277a034f5a3c44aca0cfae2ccfa51ea4f210aca30dd98e8f03680b116789",
        "chain": [
          0,
          0,
          0
        ]
      },
      "m/44'/134'/0'": {
        "publicKey": "ff841993fb50c1fbeaf11551ea95f59204338bc2da3b4c56e32a615bd3ed277d",
        "chain": [
          0,
          0,
          0
        ]
      },
      "m/44'/2'/0'": {
        "chain": [
          0,
          0,
          0
        ],
        "xpub": "xpub6Cm1817NPeFnUpHcGRNBahQfYVQNTrBFHe1yBMZFFT2BNUDn81GtL7DT47WvwfzBiMN3DJQVuJbyRXxEU2S55rz6oqk8TSMTd227mK3hbmk"
      },
      "m/44'/256'/0'": {
        "publicKey": "176d138f7915946240f7394678d02136d04920c4ef60c2f2ae4d1323646a76cd",
        "chain": [
          0,
          0,
          0
        ]
      },
      "m/44'/43'/0'": {
        "publicKey": "186777cf2dab3298d631e8c0c8af7f7bf9e3c9f305b4bba4ec9d0a154ceef643",
        "chain": [
          0,
          0,
          0
        ]
      },
      "m/44'/888'/0'": {
        "publicKey": "03d765ad2fc4b6f84042266db537aac771d98de10047e12c9b7176e51736270e7d",
        "chain": [
          0,
          0,
          0
        ]
      },
      "m/44'/1024'/0'": {
        "publicKey": "1419dcc2e06abdb616b07eb82ff4fdf00afbf762cd24b80351d8129674f66f08b81c",
        "chain": [
          0,
          0,
          0
        ]
      },
      "m/44'/354'/0'": {
        "publicKey": "c70005e7df32d0e1232fe2d07aa3c12cc8f4d29dc6550310e5c3f572dff1f415",
        "chain": [
          0,
          0,
          0
        ]
      },
      "m/44'/2301'/0'": {
        "chain": [
          0,
          0,
          0
        ],
        "xpub": "xpub6BhYvYxZq9SkvPQmhA5r1keN9mmmdUDph9ipn16vrvX9kKso1bPHK5t8VYaZe7HZsrUU8nttoQWzA3BrTk5iuAgAtANPdyTsCEj7ivfuia2"
      },
      "m/44'/175'/0'": {
        "chain": [
          0,
          0,
          0
        ],
        "xpub": "xpub6D5Dh9TLnTvGa7iLXbMUtL1Lb9xUs9sBwh5ShSpXgLYzF8ZwCb9YE1FN2ofAXzbwqxjXZMEEq8tx85jdSY2LAc6q3d2p6Mg9MEWn4TZ21fT"
      },
      "m/44'/501'/0'": {
        "publicKey": "d330f838a984e5fcbf281311358a801c15e9a6fc26884495d9af09d39abbb0dc",
        "chain": [
          0,
          0,
          0
        ]
      },
      "m/44'/554'/0'": {
        "chain": [
          0,
          0,
          0
        ],
        "xpub": "xpub6CyDfQhEf2icEe3bTEH7L6Vxo5C96YR3HYvRtPNJpvqEpRnMPxtGF81ZqqYGSxLw6MbfkCpvbFN6NamnLi142ZjdFUz7k4AP9zxxE4b7Kh2"
      },
      "m/44'/148'/0'": {
        "publicKey": "1eabdaa8d901a9ae61171299207a809e98fece941a56c455554bad11d391fac0",
        "chain": [
          0,
          0,
          0
        ]
      },
      "m/44'/1729'/0'": {
        "publicKey": "e0aa30158e08a67ae2afdb972ffda09523c597e0b17f5fcecd8e73604b3353a2",
        "chain": [
          0,
          0,
          0
        ]
      },
      "m/44'/500'/0'": {
        "publicKey": "575ed06a392b0927534b187a822fb495dea1238b7d8173a42660618cdd42bb1032e13bb8b5b6e72a0c35ff72c999715d29724b274a0a9ae5cdbff28985125bab",
        "chain": [
          0,
          0,
          0
        ]
      },
      "m/44'/818'/0'": {
        "publicKey": "04cd94ad14fedd2f59b47053a8aa132163cf74e3dd596646f4bf5bd2389c8b50cce804101cc2b9cf4b83df1edffd81034275b8f177b643b89a9d6d3c353acbc88d",
        "chain": [
          0,
          0,
          0
        ]
      },
      "m/44'/28'/0'": {
        "chain": [
          0,
          0,
          0
        ],
        "xpub": "xpub6Ctn4mpVgjq4ibP8GMisQb7EwacughWEAtqYGvJ5vKEFwfv2e3ZYQZ4jeS8rosLkG2inqi2cee9SQTKd3gAP1FGPwDoH3XqF5Uoo8qYMHzF"
      },
      "m/44'/5741564'/0'": {
        "publicKey": "a1a63e0919457f21853341a61ab06d6bb3d47deb2cab597013525ba124b39773",
        "chain": [
          0,
          0,
          0
        ]
      },
      "m/44'/144'/0'": {
        "chain": [
          0,
          0,
          0
        ],
        "xpub": "xpub6D1vFL5aDfFLJWZHBVLzQDegx5KPMydgmkUsGrzMeq9WYyx7hXEYa9HoLdZ8hxSxQUxbfhzQjgsS834arNbeeLCeuDUAVXzsjGheqpjvCsW"
      },
      "m/44'/133'/0'": {
        "chain": [
          0,
          0,
          0
        ],
        "xpub": "xpub6DPUrm9iY4YkJhAifhpAVTriPWZVFbJiqqUbomyzpyCaH1vMKnfLsnASTo6ZEKLRnZrNw1Diwrb4ZHukAZEMtY5zgTm4jTBp4tCkmRQkttd"
      },
      "m/44'/313'/0'": {
        "publicKey": "02314b1119ec2cb3c54b0c8728591b1c5d2d154085095729bc1e0eb53f56ad904c",
        "chain": [
          0,
          0,
          0
        ]
      }
    }
  },
  "walletAccounts": {
    "exodus_0": {
      "source": "exodus",
      "index": 0,
      "label": "Exodus",
      "color": "#ff3974",
      "icon": "exodus",
      "enabled": true
    }
  }
}
